-- MySQL dump 10.16  Distrib 10.1.38-MariaDB, for Linux (x86_64)
--
-- Host: classmysql.engr.oregonstate.edu    Database: cs340_jewelln
-- ------------------------------------------------------
-- Server version	10.3.13-MariaDB-log

/*!40101 SET @OLD_CHARACTER_SET_CLIENT=@@CHARACTER_SET_CLIENT */;
/*!40101 SET @OLD_CHARACTER_SET_RESULTS=@@CHARACTER_SET_RESULTS */;
/*!40101 SET @OLD_COLLATION_CONNECTION=@@COLLATION_CONNECTION */;
/*!40101 SET NAMES utf8 */;
/*!40103 SET @OLD_TIME_ZONE=@@TIME_ZONE */;
/*!40103 SET TIME_ZONE='+00:00' */;
/*!40014 SET @OLD_UNIQUE_CHECKS=@@UNIQUE_CHECKS, UNIQUE_CHECKS=0 */;
/*!40014 SET @OLD_FOREIGN_KEY_CHECKS=@@FOREIGN_KEY_CHECKS, FOREIGN_KEY_CHECKS=0 */;
/*!40101 SET @OLD_SQL_MODE=@@SQL_MODE, SQL_MODE='NO_AUTO_VALUE_ON_ZERO' */;
/*!40111 SET @OLD_SQL_NOTES=@@SQL_NOTES, SQL_NOTES=0 */;

--
-- Table structure for table `address`
--

DROP TABLE IF EXISTS `address`;
/*!40101 SET @saved_cs_client     = @@character_set_client */;
/*!40101 SET character_set_client = utf8 */;
CREATE TABLE `address` (
  `id` int(10) unsigned NOT NULL,
  `number` mediumint(8) unsigned NOT NULL,
  `direction` varchar(2) DEFAULT NULL,
  `streetName` varchar(63) NOT NULL,
  `suffix` varchar(15) DEFAULT NULL,
  `unit` smallint(5) unsigned DEFAULT NULL,
  `city` varchar(127) NOT NULL,
  `state` varchar(127) NOT NULL,
  `postalCode` int(10) unsigned NOT NULL,
  `house` int(10) unsigned DEFAULT NULL,
  PRIMARY KEY (`id`)
) ENGINE=InnoDB DEFAULT CHARSET=utf8;
/*!40101 SET character_set_client = @saved_cs_client */;

--
-- Dumping data for table `address`
--

LOCK TABLES `address` WRITE;
/*!40000 ALTER TABLE `address` DISABLE KEYS */;
INSERT INTO `address` VALUES (0,8979,'SW','alksdjf','aslsdkfj',78,'P','O',67864,NULL),(4,2651,'SW','Tamarix','Lane',65535,'Potosí','Virginia',47524,NULL),(5,40606,'SE','Marchantias','Street',65535,'Campo verde','Virginia',21286,NULL),(6,52072,'SW','Jebels','Street',65535,'Potosí','Virginia',36987,NULL),(7,71311,'S','Barnstormer','Vista',65535,'Potosí','Virginia',26281,NULL),(8,43450,'W','Succursal','Avenue',65535,'Campo verde','Virginia',51935,NULL),(9,77011,'N','Gnaws','Lane',65535,'Potosí','Virginia',93328,NULL),(10,26304,'S','Jacobuses','Ridge',65535,'Potosí','Virginia',72971,NULL),(11,14496,'SE','Gnaws','Street',65535,'Potosí','Virginia',56570,NULL),(12,4855,'SW','Tamarix','Gardens',65535,'Campo verde','Virginia',66551,NULL),(13,7876,'E','Barnstormer','Road',65535,'Campo verde','Virginia',16057,NULL),(14,91837,'SW','Barnstormer','Vista',65535,'Campo verde','Virginia',62560,NULL),(15,27857,'SE','Tamarix','Estate',65535,'Campo verde','Virginia',94880,NULL),(16,7362,'SW','Jebels','Gardens',65535,'Campo verde','Virginia',43045,NULL),(17,6757,'E','Psychopathology','Beach',65535,'Potosí','Virginia',71489,NULL),(18,78466,'NE','Psychopathology','Beach',65535,'Campo verde','Virginia',32972,NULL),(19,33254,'SW','Succursal','Road',65535,'Potosí','Virginia',63164,NULL),(21,72587,'W','Gnaws','Street',65535,'Campo verde','Virginia',83384,NULL),(22,21581,'E','Marchantias','Ridge',65535,'Potosí','Virginia',59074,NULL),(23,89294,'W','Gnaws','Estate',65535,'Campo verde','Virginia',33603,NULL),(24,79021,'N','Stearates','Street',65535,'Potosí','Virginia',19563,NULL),(25,20390,'N','Tamarix','Avenue',65535,'Potosí','Virginia',40608,NULL),(26,43257,'E','Stearates','Street',65535,'Potosí','Virginia',60478,NULL),(27,7632,'E','Barnstormer','Street',65535,'Campo verde','Virginia',57289,NULL),(28,78017,'NE','Hobos','Beach',65535,'Potosí','Virginia',81732,NULL),(29,86795,'S','Succursal','Place',65535,'Potosí','Virginia',13544,NULL),(30,44659,'SW','Tamarix','Gardens',65535,'Potosí','Virginia',49760,NULL),(31,5172,'SE','Stearates','Avenue',65535,'Campo verde','Virginia',85600,NULL),(32,13961,'SE','Succursal','Court',65535,'Campo verde','Virginia',37924,NULL),(33,75420,'W','Psychopathology','Ridge',65535,'Potosí','Virginia',52464,NULL),(34,71610,'NE','Gnaws','Vista',65535,'Campo verde','Virginia',88978,NULL),(35,35541,'NE','Jacobuses','Street',65535,'Potosí','Virginia',91157,NULL),(36,19787,'NE','Stearates','Estate',65535,'Potosí','Virginia',66636,NULL),(37,25633,'S','Jebels','Avenue',65535,'Campo verde','Virginia',28960,NULL),(38,93072,'SW','Tamarix','Place',65535,'Campo verde','Virginia',54172,NULL),(39,26613,'SW','Stearates','Ridge',65535,'Potosí','Virginia',61478,NULL),(40,60735,'W','Stearates','Vista',65535,'Potosí','Virginia',23455,NULL),(41,92952,'E','Succursal','Court',65535,'Campo verde','Virginia',42482,NULL),(42,68541,'SW','Stearates','Court',65535,'Potosí','Virginia',39746,NULL),(43,37719,'E','Stearates','Ridge',65535,'Potosí','Virginia',97490,NULL),(44,41323,'S','Stearates','Beach',65535,'Potosí','Virginia',84422,NULL),(45,77148,'NE','Succursal','Court',65535,'Campo verde','Virginia',35218,NULL),(46,17563,'E','Tamarix','Vista',65535,'Potosí','Virginia',18550,NULL),(47,30923,'NE','Tamarix','Street',65535,'Potosí','Virginia',28326,NULL),(48,95597,'E','Hobos','Street',65535,'Campo verde','Virginia',32431,NULL),(49,96144,'S','Barnstormer','Vista',65535,'Potosí','Virginia',62461,NULL),(50,33562,'NE','Barnstormer','Avenue',65535,'Potosí','Virginia',96291,NULL),(51,5569,'SW','Jacobuses','Lane',65535,'Campo verde','Virginia',90682,NULL),(52,89796,'N','Barnstormer','Ridge',65535,'Potosí','Virginia',37795,NULL),(53,3247,'S','Marchantias','Avenue',65535,'Campo verde','Virginia',16435,NULL),(54,27772,'NE','Gnaws','Road',65535,'Potosí','Virginia',19493,NULL),(55,39182,'NW','Jebels','Commons',65535,'Campo verde','Virginia',59244,NULL),(56,89630,'SE','Psychopathology','Avenue',65535,'Campo verde','Virginia',46569,NULL),(57,75944,'W','Gnaws','Place',65535,'Potosí','Virginia',25195,NULL),(58,5528,'NE','Psychopathology','Ridge',65535,'Potosí','Virginia',25285,NULL),(59,12845,'W','Psychopathology','Road',65535,'Campo verde','Virginia',88395,NULL),(60,23719,'SE','Psychopathology','Lane',65535,'Potosí','Virginia',38795,NULL),(61,43157,'SE','Tamarix','Road',65535,'Campo verde','Virginia',51714,NULL),(62,3110,'S','Barnstormer','Avenue',65535,'Campo verde','Virginia',15326,NULL),(63,863,'NE','Marchantias','Commons',65535,'Potosí','Virginia',80100,NULL),(64,59470,'N','Jacobuses','Beach',65535,'Campo verde','Virginia',44978,NULL),(65,75567,'E','Hobos','Estate',65535,'Campo verde','Virginia',97521,NULL),(66,25432,'SE','Psychopathology','Lane',65535,'Potosí','Virginia',17339,NULL),(67,77480,'W','Stearates','Ridge',65535,'Campo verde','Virginia',61771,NULL),(68,20011,'NW','Psychopathology','Gardens',65535,'Potosí','Virginia',24024,NULL),(69,17980,'NE','Psychopathology','Vista',65535,'Campo verde','Virginia',93319,NULL),(70,62476,'N','Jebels','Lane',65535,'Potosí','Virginia',14692,NULL),(71,15814,'NE','Tamarix','Beach',65535,'Potosí','Virginia',83172,NULL),(72,61199,'NW','Gnaws','Gardens',65535,'Potosí','Virginia',58478,NULL),(73,1757,'N','Jebels','Lane',65535,'Campo verde','Virginia',99371,NULL),(74,74137,'NW','Marchantias','Vista',65535,'Campo verde','Virginia',21985,NULL),(75,31825,'NE','Hobos','Estate',65535,'Campo verde','Virginia',21046,NULL),(76,57564,'W','Jacobuses','Estate',65535,'Potosí','Virginia',34137,NULL),(77,40001,'NW','Stearates','Court',65535,'Campo verde','Virginia',10658,NULL),(78,86065,'NE','Marchantias','Estate',65535,'Potosí','Virginia',90446,NULL),(79,98899,'SW','Jacobuses','Lane',65535,'Campo verde','Virginia',12296,NULL),(80,3233,'SW','Stearates','Lane',65535,'Campo verde','Virginia',76541,NULL),(81,57980,'NE','Gnaws','Gardens',65535,'Potosí','Virginia',23662,NULL),(82,24120,'W','Hobos','Place',65535,'Campo verde','Virginia',43269,NULL),(83,30640,'N','Psychopathology','Vista',65535,'Campo verde','Virginia',82745,NULL),(84,54632,'NE','Jacobuses','Estate',65535,'Campo verde','Virginia',29901,NULL),(85,83493,'NE','Stearates','Estate',65535,'Campo verde','Virginia',87145,NULL),(86,99421,'SE','Hobos','Court',65535,'Campo verde','Virginia',92124,NULL),(87,65175,'W','Hobos','Estate',65535,'Potosí','Virginia',61905,NULL),(88,38042,'NE','Barnstormer','Place',65535,'Potosí','Virginia',57955,NULL),(89,96426,'S','Stearates','Avenue',65535,'Potosí','Virginia',63600,NULL),(91,94274,'E','Gnaws','Commons',65535,'Campo verde','Virginia',87275,NULL),(92,67757,'NE','Gnaws','Court',65535,'Campo verde','Virginia',79650,NULL),(93,71682,'SW','Marchantias','Commons',65535,'Potosí','Virginia',41709,NULL),(94,63561,'W','Stearates','Road',65535,'Potosí','Virginia',45176,NULL),(95,39621,'W','Stearates','Estate',65535,'Campo verde','Virginia',79209,NULL),(96,26799,'S','Jebels','Court',65535,'Potosí','Virginia',37107,NULL),(97,34100,'S','Jacobuses','Gardens',65535,'Campo verde','Virginia',40212,NULL),(98,31059,'E','Marchantias','Court',65535,'Potosí','Virginia',37432,NULL),(99,62934,'E','Stearates','Commons',65535,'Campo verde','Virginia',77390,NULL),(100,68130,'SE','Hobos','Road',65535,'Campo verde','Virginia',10643,NULL);
/*!40000 ALTER TABLE `address` ENABLE KEYS */;
UNLOCK TABLES;

--
-- Table structure for table `house`
--

DROP TABLE IF EXISTS `house`;
/*!40101 SET @saved_cs_client     = @@character_set_client */;
/*!40101 SET character_set_client = utf8 */;
CREATE TABLE `house` (
  `id` int(10) unsigned NOT NULL AUTO_INCREMENT,
  `style` varchar(255) NOT NULL,
  `constructed` year(4) NOT NULL,
  `purchased` year(4) NOT NULL,
  `bedrooms` int(10) unsigned NOT NULL,
  `bathrooms` int(10) unsigned NOT NULL,
  `sqft` int(10) unsigned NOT NULL,
  `levels` int(10) unsigned NOT NULL,
  `house_value` int(10) unsigned NOT NULL,
  `address_id` int(10) unsigned DEFAULT NULL,
  PRIMARY KEY (`id`),
  KEY `address_id_fk` (`address_id`),
  CONSTRAINT `address_id_fk` FOREIGN KEY (`address_id`) REFERENCES `address` (`id`) ON DELETE SET NULL
) ENGINE=InnoDB AUTO_INCREMENT=106 DEFAULT CHARSET=utf8;
/*!40101 SET character_set_client = @saved_cs_client */;

--
-- Dumping data for table `house`
--

LOCK TABLES `house` WRITE;
/*!40000 ALTER TABLE `house` DISABLE KEYS */;
INSERT INTO `house` VALUES (2,'Piggalicious',1951,1991,6,2,6173,2,7927843,63),(3,'BIG N SPICY',0000,2001,2,9,7812,2,5647756,71),(4,'Neoclassical',1932,0000,2,9,5857,2,2324673,NULL),(5,'Brutalist',0000,0000,6,6,3132,3,4002691,78),(6,'Victorian',1922,1908,0,5,4154,3,8504503,13),(7,'Postmodern',0000,0000,0,6,1269,2,6394197,31),(8,'Postmodern',0000,0000,4,3,4018,3,7679197,44),(9,'Beat-up',1992,1972,3,8,9689,1,9520871,4),(10,'Art-Deco',1916,0000,1,7,6180,1,6330626,27),(11,'Brutalist',1947,1997,1,6,1277,1,2959559,14),(12,'Victorian',0000,0000,6,3,6718,2,9708400,89),(13,'Beat-up',1972,1904,4,5,2553,1,5961988,45),(14,'Neoclassical',1927,0000,3,6,2724,1,1827572,49),(15,'Neoclassical',0000,2015,0,9,3692,3,2762088,47),(16,'Gothic',1908,0000,0,4,3042,1,9576861,52),(17,'Modern',0000,0000,4,4,790,3,1749754,98),(18,'Gothic',1980,1956,6,7,4549,3,3190707,68),(19,'Victorian',1964,1926,7,6,9176,1,1376226,67),(20,'Postmodern',0000,1910,3,4,8711,3,8395472,94),(21,'Neoclassical',0000,1901,3,2,8745,3,1810445,99),(22,'Neoclassical',0000,1925,4,8,351,2,9065964,64),(23,'Gothic',0000,1903,4,8,9407,3,7887913,87),(24,'Postmodern',1978,2007,6,3,2312,2,1804438,66),(25,'Modern',0000,1907,5,5,5541,3,3866337,93),(26,'Colonial',0000,1995,7,5,3238,2,5996018,100),(27,'Postmodern',0000,0000,7,4,8703,1,4219053,17),(28,'Postmodern',0000,0000,0,8,6649,3,4155806,NULL),(29,'Brutalist',0000,0000,7,6,1778,2,840642,54),(30,'Brutalist',0000,1975,3,9,2884,1,9074630,NULL),(31,'Beat-up',0000,2010,0,6,2278,2,2958083,76),(32,'Beat-up',1976,2003,7,7,6706,1,9415043,57),(33,'Modern',0000,1944,1,8,530,3,4168813,74),(34,'Brutalist',1919,0000,6,2,4390,1,1694901,73),(35,'Gothic',0000,1901,0,7,4901,3,804227,51),(36,'Art-Deco',1906,1926,7,8,1379,2,1898129,65),(37,'Neoclassical',2017,2012,4,5,3508,2,2964576,72),(38,'Victorian',0000,0000,2,4,6121,3,3958565,43),(39,'Postmodern',0000,1994,0,5,6866,2,6505881,9),(40,'Victorian',0000,1909,7,8,3952,3,1939021,60),(41,'Brutalist',0000,0000,6,5,4428,2,6786617,11),(42,'Colonial',1923,0000,7,5,188,1,7051886,83),(43,'Neoclassical',1963,1923,7,2,5353,1,6629843,91),(44,'Colonial',0000,1956,5,9,6339,3,8852759,58),(45,'Victorian',0000,1970,5,2,8215,2,8436219,48),(46,'Brutalist',1975,0000,7,9,3283,2,1900030,62),(47,'Gothic',0000,2006,7,4,6774,3,4762403,5),(48,'Modern',2005,1918,2,8,9176,3,9583961,96),(49,'Art-Deco',0000,0000,3,4,451,1,2407409,84),(50,'Neoclassical',0000,2005,5,9,4481,3,3608863,19),(51,'Victorian',0000,0000,2,5,9815,1,7747169,80),(52,'Colonial',1965,1928,2,5,2288,2,105061,32),(53,'Victorian',0000,1908,1,5,9871,1,5154400,36),(54,'Postmodern',1921,1933,2,7,683,3,7357372,21),(55,'Colonial',0000,1920,6,4,4120,3,8609959,77),(56,'Beat-up',0000,0000,7,6,2522,1,5833484,86),(57,'Beat-up',1901,2001,2,2,3174,2,615608,25),(58,'Victorian',0000,1995,2,8,109,2,8782428,33),(59,'Gothic',1959,0000,2,4,9706,1,347510,69),(60,'Postmodern',0000,1953,3,9,2334,1,6327128,82),(61,'Postmodern',0000,0000,3,6,8338,2,6994510,75),(62,'Modern',2003,1957,0,4,8435,2,1389061,18),(63,'Neoclassical',1962,0000,6,7,4172,3,6126205,61),(64,'Beat-up',0000,1938,7,8,2741,1,7349822,NULL),(65,'Gothic',0000,0000,1,7,8877,1,6461261,88),(66,'Colonial',1987,0000,5,2,8735,1,2536906,34),(67,'Modern',1925,1917,3,7,5506,3,5422469,24),(68,'Beat-up',0000,1905,2,4,8190,2,2813837,41),(69,'Beat-up',1926,0000,2,4,3627,3,2362939,38),(70,'Brutalist',1983,1939,1,3,1602,3,5482112,40),(71,'Modern',1998,0000,3,2,9207,3,6062850,81),(72,'Colonial',0000,1989,1,6,3560,3,9436118,70),(73,'Victorian',1907,1987,6,6,1276,1,5654515,85),(74,'Art-Deco',0000,1904,6,3,3368,1,3549927,37),(75,'Neoclassical',1986,0000,2,3,1562,3,5397156,97),(76,'Brutalist',1984,0000,2,5,6615,1,456585,30),(77,'Gothic',2006,1973,5,7,8622,3,1726283,10),(78,'Gothic',1946,1926,5,6,3634,3,4123965,59),(79,'Colonial',1993,1927,6,5,9896,3,7899839,39),(80,'Neoclassical',0000,0000,3,8,1143,3,5057125,42),(81,'Colonial',0000,1922,6,6,4314,3,6173385,46),(82,'Victorian',0000,1959,7,4,7406,1,3067463,26),(83,'Beat-up',1985,1903,1,7,6753,1,309478,92),(84,'Postmodern',1958,0000,3,4,2083,2,9804087,NULL),(85,'Colonial',0000,1942,7,9,1589,1,3908735,50),(86,'Victorian',1956,1922,0,7,8754,3,5794264,53),(87,'Colonial',0000,0000,4,3,5086,3,8714512,29),(88,'Brutalist',0000,1929,1,3,9488,3,8212212,6),(89,'Postmodern',2009,0000,3,6,9452,1,2702783,95),(90,'Art-Deco',0000,1962,0,2,2108,1,1477485,12),(91,'Neoclassical',1957,1960,2,6,3292,1,6297753,28),(92,'Beat-up',2015,0000,4,8,928,3,8737530,15),(93,'Colonial',2011,2012,6,4,4660,1,3410784,7),(94,'Gothic',1980,0000,4,9,8851,2,5694593,55),(95,'Neoclassical',0000,1904,6,4,3657,2,2887555,22),(96,'Gothic',0000,1975,5,8,9869,2,2425890,8),(97,'Colonial',0000,0000,2,5,9624,1,7001476,79),(98,'Art-Deco',1977,0000,4,5,3559,2,2312035,56),(99,'Brutalist',0000,0000,5,9,9058,1,5337010,16),(100,'Beat-up',1972,0000,5,5,1874,2,4322727,35),(101,'Bloody Awul',2001,2008,8,1,10000,1,10,5),(102,'Freakin Awful',2001,2008,8,1,10000,1,10,5),(103,'BIG N TOASTY',1972,0000,5,5,1874,2,4322727,35),(104,'GUSHDARN BAD',1972,0000,5,5,1874,2,4322727,35),(105,'Beat-up',1992,1972,3,8,9689,1,9520871,6);
/*!40000 ALTER TABLE `house` ENABLE KEYS */;
UNLOCK TABLES;

--
-- Table structure for table `job`
--

DROP TABLE IF EXISTS `job`;
/*!40101 SET @saved_cs_client     = @@character_set_client */;
/*!40101 SET character_set_client = utf8 */;
CREATE TABLE `job` (
  `id` int(10) unsigned NOT NULL,
  `title` varchar(63) NOT NULL,
  `income` int(10) unsigned DEFAULT 0,
  `company` varchar(127) NOT NULL,
  `education` varchar(63) DEFAULT NULL,
  PRIMARY KEY (`id`)
) ENGINE=InnoDB DEFAULT CHARSET=utf8;
/*!40101 SET character_set_client = @saved_cs_client */;

--
-- Dumping data for table `job`
--

LOCK TABLES `job` WRITE;
/*!40000 ALTER TABLE `job` DISABLE KEYS */;
INSERT INTO `job` VALUES (0,'MAGIC',10000000,'Magical Magicians Inc.','Phd'),(1,'Travel representative',732647,'Nerte\'s Used Pools Collectors','MD'),(2,'Assistant nurse',97411,'Doreen\'s Green Armourers','Trade'),(3,'Analyst',357518,'Rozalie\'s Prickly Psychoanalysts','MD'),(4,'Housewife',332032,'Noreen\'s Severe Art Historians','JD'),(5,'Medical consultant',252850,'Shalna\'s Gorgeous Groundsmans','Trade'),(6,'Practice manager',65224,'Arabela\'s Jumpy Librarians','Trade'),(7,'Turner',209116,'Danella\'s High Flour Millers','JD'),(8,'Printer',29010,'Xaviera\'s Forceful Tax Officers','Trade'),(9,'Project co-ordinator',224738,'Rachael\'s Vivid Bus Companys','BS'),(11,'Fork lift truck driver',386705,'Nikoletta\'s Bright Envoys','BS'),(12,'Payroll manager',793097,'Oona\'s Worrisome Accountants','PHD'),(13,'Pharmacist',415257,'Wallis\'s Rough Civil Servants','JD'),(14,'Slaughterman',43798,'Moyra\'s Whirlwind Press Officers','Trade'),(15,'Forester',489566,'Natassia\'s Used Zoologists','MD'),(16,'Lumberjack',693809,'Kippie\'s Blind Rent Collectors','BS'),(17,'Minibus driver',964640,'Gui\'s Lone Optometrists','JD'),(18,'Song writer',992588,'Bekki\'s Windy Journalists','JD'),(19,'Baker',430535,'Jocelin\'s Pertinent Trading Standardss','PHD'),(20,'Jeweller',852484,'Sharleen\'s Crazy Health Visitors','Trade'),(21,'Horse trainer',817833,'Tory\'s Likely Historians','Highschool'),(22,'Milklady',408280,'Karyl\'s Edible Tutors','MD'),(23,'Pig manager',559220,'Zaneta\'s Unacceptable Off Shores','PHD'),(24,'Laminator',586763,'Nadya\'s Clever Archaeologists','JD'),(25,'Barman',916977,'Annabal\'s Bare Magicians','JD'),(26,'Food processor',892540,'Savina\'s Other Purchasing Assistants','MD'),(27,'Surgeon',247490,'Phelia\'s Jittery Letting Agents','MD'),(28,'Child minder',753206,'Diane-Marie\'s Marvelous Plant Engineers','BS'),(29,'Balloonist',938141,'Reeba\'s Gruesome Travel Guides','Highschool'),(30,'Herbalist',426712,'Prisca\'s Intelligent Metal Workers','BS'),(31,'Sales support',62626,'Corri\'s Tempting Violin Makers','Highschool'),(32,'Labourer',666622,'Mercy\'s Muted Employees','BS'),(33,'Quality engineer',144397,'Merrie\'s Musty Art Historians','PHD'),(34,'Letting agent',558685,'Leta\'s Stark Home Economists','PHD'),(35,'Merchant banker',497242,'Annamaria\'s False Screen Writers','JD'),(36,'Handyman',750164,'Imelda\'s Smoggy Quantity Surveyors','MD'),(37,'Rose grower',903804,'Suzy\'s Impassioned Office Managers','PHD'),(38,'Fund raiser',425676,'Wilhelmine\'s Orange Chaplains','MD'),(39,'Stage hand',218459,'Dannie\'s Short Pilots','Trade'),(40,'Health service',235110,'Elna\'s Medical Museum Attendants','Highschool'),(41,'Student teacher',912898,'Denny\'s Front Broadcasters','JD'),(42,'Windscreen fitter',89200,'Evey\'s Disastrous Careers Officers','BS'),(43,'Guest house proprietor',5888,'Christi\'s Obvious Trade Mark Agents','PHD'),(44,'Fireman',53823,'Katya\'s Intent Homeopaths','PHD'),(45,'Farmer',97026,'Philomena\'s Masculine Tax Inspectors','Highschool'),(46,'Payroll clerk',938617,'Josy\'s Wiry Property Developers','Trade'),(47,'Gas mechanic',353197,'Ardeen\'s Hospitable Practice Managers','MS'),(48,'Riveter',359543,'Zuzana\'s Lumbering Chartered Accountants','JD'),(49,'Calibration manager',525065,'Marlyn\'s Gargantuan Councillors','Highschool'),(50,'Product manager',885017,'Sherrie\'s Humming IT Trainers','PHD'),(51,'Horse trainer',18562,'Katti\'s Whirlwind Maintenance Fitters','Trade'),(52,'Hotel worker',131934,'Rosalinda\'s Worn Vehicle Assessors','PHD'),(53,'Airman',937266,'Wilow\'s Same Caretakers','MS'),(54,'Payroll assistant',47582,'Ardisj\'s Noted Civil Servants','MD'),(55,'Insurance agent',25708,'Netta\'s Used Project Managers','PHD'),(56,'Sheriff clerk',392458,'Drusilla\'s Bruised Consultants','Trade'),(57,'Systems analyst',571499,'Abby\'s Likely Calibration Managers','PHD'),(58,'Zoologist',228949,'Christa\'s Unwelcome Gardeners','MD'),(59,'Book seller',482261,'Annalise\'s Potable Chandlers','JD'),(60,'Moneylender',68934,'Sonnie\'s Kooky Hostesss','Trade'),(61,'Laboratory analyst',478597,'Cassey\'s Frugal Relocation Agents','MS'),(62,'Zoologist',762524,'Hattie\'s Male Hot Foil Printers','Highschool'),(63,'Motor racing',685299,'Sydney\'s Speedy Opera Singers','Trade'),(64,'Welfare assistant',501668,'Kyla\'s Entire Health Care Assistants','MS'),(65,'Waiter',132839,'Nannie\'s Faint Military Leaders','JD'),(66,'Toy trader',13457,'Clarey\'s Beautiful Museum Assistants','JD'),(68,'Slaughterman',686379,'Vanessa\'s Judicious Trainee Managers','MD'),(69,'Pathologist',341226,'Evangelina\'s Pertinent Photographers','Highschool'),(70,'Pet minder',546207,'Harriot\'s Silly Pipe Layers','MS'),(71,'Progress chaser',90911,'Marianna\'s Long-term Public Relations Of?cers','JD'),(72,'Office manager',374243,'Helenka\'s Secondary Special Constables','Trade'),(73,'Florist',960842,'Reena\'s Extroverted Metal Engineers','PHD'),(74,'Shooting instructor',245444,'Lauretta\'s Cluttered Astrologers','PHD'),(75,'Refrigeration engineer',970233,'Meaghan\'s Buoyant Booking Clerks','PHD'),(76,'Packaging',383781,'Darleen\'s Pessimistic Stage Hands','MD'),(77,'Golfer',878549,'Miguelita\'s Rude Tea Blenders','PHD'),(78,'Sand blaster',497336,'Denise\'s Delightful Mattress Makers','Trade'),(79,'Special needs',605125,'Robena\'s Square Sportspersons','MS'),(80,'Refractory engineer',328011,'Ora\'s Better Playgroup Leaders','Highschool'),(81,'Artist',235016,'Gillian\'s Novel Actors','BS'),(82,'Radio presenter',281095,'Roxi\'s Woeful Milkladys','Trade'),(83,'Records supervisor',444176,'Elayne\'s Weepy Quarry Workers','JD'),(84,'Promoter',604734,'Kelcey\'s Studious Chimney Sweeps','MD'),(85,'Sales representative',741355,'Ursala\'s Overjoyed Knitters','Highschool'),(86,'Grocer',534148,'Willy\'s Colorless Consultants','MS'),(87,'Technical manager',166925,'Dolorita\'s Euphoric Minibus Drivers','JD'),(88,'Rector',214390,'Josefina\'s Legitimate Maids','MS'),(89,'Antique dealer',817181,'Jan\'s Sunny Radio Directors','Highschool'),(90,'Bar manager',359731,'Rhonda\'s Stingy Operators','JD'),(91,'Building advisor',829207,'Darsey\'s Practical Body Fitters','MS'),(92,'Marketing assistant',117010,'Faustine\'s Meaty Sales Representatives','BS'),(93,'Outdoor pursuits',427858,'Olivie\'s Agreeable Medical Officers','Highschool'),(94,'Word processing operator',497405,'Peri\'s Front Bacon Curers','Highschool'),(95,'Nun',949617,'Florenza\'s Horrible Repairers','MS'),(96,'Barber',417620,'Gussie\'s Webbed Barmans','PHD'),(97,'Butcher',844443,'Petronilla\'s Urban Auctioneers','MD'),(98,'Interior designer',512692,'Horatia\'s Well-made Legal Secretarys','BS'),(99,'Share dealer',560669,'Dina\'s Obvious Parts Managers','PHD'),(100,'Accounts clerk',603436,'Adrea\'s Mixed Nursery Workers','PHD'),(101,'Assistant cook',44470,'Kit\'s Tricky Industrial Chemists','MS'),(102,'Vehicle assessor',595866,'Veronique\'s Unequaled Brewery Managers','BS'),(103,'Cartographer',697041,'Stephana\'s Nimble Golf Club Professionals','PHD'),(104,'Sports commentator',134858,'Zora\'s Evergreen Technical Managers','BS'),(105,'Health consultant',761534,'Kelsi\'s Wicked Marble Finishers','Highschool'),(106,'Nuclear scientist',469608,'Joellyn\'s Milky Astrologers','MS'),(107,'Assistant caretaker',645435,'Thomasina\'s Bold Delivery Drivers','MS'),(108,'School inspector',966151,'Karol\'s Adventurous IT Consultants','Trade'),(109,'Industrial chemist',696873,'Steffie\'s Gullible Travel Representatives','MD'),(110,'Plate layer',561542,'Caren\'s Slushy Actors','MD'),(111,'Pipe insulator',597869,'Joline\'s Altruistic Breeders','Trade'),(112,'Scaffolder',300453,'Giovanna\'s Ajar Marine Brokers','Highschool'),(113,'Zoo manager',51455,'Letitia\'s Colorless Pipe Fitters','JD'),(114,'Tea blender',788469,'Dawna\'s Stunning Arborists','MS'),(115,'Councillor',769591,'Isahella\'s Cluttered Childminders','PHD'),(117,'Quality inspector',985639,'Marketa\'s Unkempt School Inspectors','MS'),(118,'Audiologist',333634,'Dinah\'s Black-and-white Rent Offcers','JD'),(119,'Ice cream vendor',882799,'Issi\'s Wretched Agents','Highschool'),(120,'Shoe maker',866359,'Pansie\'s Physical Insurance Staffs','BS'),(121,'Foreman',171830,'Lorena\'s Grubby Technical Clerks','MD'),(122,'Window cleaner',882159,'Corinne\'s Unwilling Car Dealers','Trade'),(123,'Travel consultant',814811,'Florentia\'s Finished Weavers','BS'),(124,'Vehicle engineer',489380,'Clair\'s Impressionable Pest Controllers','Highschool'),(125,'Cable jointer',594855,'Cesya\'s Slight Security Guards','PHD'),(126,'Optical advisor',727937,'Camila\'s Faint Oil Rig Crews','BS'),(127,'Assistant',968165,'Kassia\'s Dismal Ticket Agents','JD'),(128,'Bodyshop',305513,'Ethel\'s Vapid Plastics Consultants','Highschool'),(129,'Research director',105385,'Del\'s Delicious Flour Millers','Highschool'),(130,'Rector',105212,'Danila\'s Delirious Tea Tasters','JD'),(131,'Tax assistant',593981,'May\'s Scaly Pattern Cutters','Trade'),(132,'Portfolio manager',125457,'Brenna\'s Cheery Security Guards','MD'),(133,'Seaman',125662,'Toma\'s Reflecting Knitters','BS'),(134,'Bacon curer',283407,'Jillene\'s Joint Bakery Managers','MD'),(135,'Press setter',114205,'Nichol\'s Downright Merchant Seamans','MS'),(136,'Building surveyor',666052,'Nelli\'s Superior Laboratory Analysts','JD'),(137,'Production manager',232644,'Vikky\'s Previous Pawnbrokers','Highschool'),(138,'Merchant seaman',514135,'Annie\'s Heartfelt Accounts Assistants','MS'),(139,'Hosiery worker',311451,'Willamina\'s Gripping Cartographers','MS'),(140,'Counsellor',337487,'Kati\'s Smooth Night Watchmans','PHD'),(141,'Veterinary surgeon',901883,'Alvera\'s Extroverted Rent Collectors','JD'),(142,'Building engineer',698296,'Adah\'s Fast Nuclear Scientists','JD'),(143,'Greengrocer',723514,'Celisse\'s Valuable Linemans','Highschool'),(144,'Practice manager',178142,'Ilse\'s Horrible Clerks','Highschool'),(145,'Forensic scientist',374782,'Corette\'s Giving Barbers','PHD'),(146,'Furrier',221924,'Morganne\'s Fancy Shift Controllers','MS'),(147,'Reflexologist',316769,'Vonni\'s Aware Immigration Officers','MS'),(148,'Teachers assistant',664853,'Anica\'s Rough Medal Dealers','PHD'),(149,'Market research',430397,'Page\'s Precious Tree Fellers','Highschool'),(150,'Litigation manager',348632,'Dacia\'s Separate Recovery Vehicle Coordinators','BS'),(151,'Agent',987774,'Alissa\'s Rusty Word Processing Operators','Highschool'),(152,'Training consultant',991775,'Catlin\'s Plaintive Footballers','BS'),(153,'Occupations',215106,'Rozelle\'s Thorny Recreationals','MD'),(154,'Pool attendant',539154,'Lorelei\'s Self-assured Landlords','Highschool'),(155,'Statistician',917512,'Marlee\'s Big-hearted Parts Mans','MD'),(156,'Entertainer',672498,'Marita\'s Frail Store Detectives','MD'),(157,'Operations',863174,'Veronica\'s Familiar Cameramans','JD'),(158,'English teacher',433750,'Amaleta\'s Cheerful Lift Engineers','PHD'),(159,'Marble finisher',923542,'Mella\'s Dead Photographers','BS'),(160,'Line worker',575921,'Francesca\'s Any Parts Supervisors','PHD'),(161,'Assistant cook',309535,'Aubrie\'s Grimy Advertising Executives','BS'),(162,'Product installer',319631,'Kellie\'s Unsteady Furriers','JD'),(163,'Sail maker',353421,'Lenee\'s Yellowish Special Needss','BS'),(164,'Welfare assistant',776153,'Eleanore\'s Humiliating Analysts','Trade'),(165,'Refractory engineer',845497,'Jerrie\'s Courageous Market Gardeners','BS'),(166,'Attendant',856959,'Catlee\'s Tremendous Aircraft Surface Finishers','Trade'),(167,'Trading standards',312045,'Theo\'s Wealthy Chiropractors','BS'),(168,'Recruitment consultant',645235,'Rhoda\'s Forceful Opticals','MS'),(169,'Zoo keeper',98571,'Clareta\'s Sharp Marine Pilots','MS'),(170,'Dealer',114348,'Nelly\'s Guilty Airport Controllers','Highschool'),(171,'Health and safety',911923,'Andra\'s Deficient Show Jumpers','JD'),(172,'Sales assistant',336238,'Tiffani\'s Valid Lighting Designers','Trade'),(173,'Miner',564569,'Callida\'s Honorable China Restorers','BS'),(174,'Tax analyst',781231,'Flori\'s Tedious Promoters','BS'),(175,'Rose grower',702659,'Zola\'s Nippy Script Writers','MD'),(176,'Tax advisor',678639,'Nelli\'s Giddy Tax Consultants','BS'),(177,'Shipping officer',289866,'Chere\'s Single Manufacturings','MD'),(178,'Pest controller',535824,'Cookie\'s Dimpled Soldiers','Highschool'),(179,'Road safety officer',802794,'Enrichetta\'s Nocturnal Insurance Inspectors','Highschool'),(180,'Forensic scientist',328733,'Pierrette\'s Tired Bricklayers','Trade'),(181,'Book binder',399074,'Alicia\'s Trusty Metal Polishers','MD'),(182,'Art dealer',503339,'Penelopa\'s Violet Tax Analysts','JD'),(183,'Chandler',602427,'Allina\'s Jam-packed Meat Wholesalers','JD'),(184,'Insurance agent',68726,'Peria\'s Tangible Cable TV Installers','PHD'),(185,'Military leader',539360,'Reggi\'s Oily Ticket Inspectors','BS'),(186,'Trainee manager',323167,'Johnette\'s Long-term Gas Fitters','BS'),(187,'Photographer',297939,'Gabriellia\'s True Artexers','JD'),(188,'Shooting instructor',599796,'Christine\'s Dead Reporters','MD'),(189,'Racehorse groom',709061,'Elena\'s Fearful Psychiatrists','Trade'),(190,'Prison officer',933781,'Melisenda\'s Competent Laboratory Analysts','Trade'),(191,'Machine setter',179686,'Lonnie\'s Untried Staff Nurses','JD'),(192,'Garage attendant',535961,'Batsheva\'s Decisive Welders','Highschool'),(193,'Racing organiser',896517,'Ingrid\'s Squiggly Ironmongers','BS'),(194,'Security consultant',121792,'Aloysia\'s Darling Cleaners','BS'),(195,'Tug skipper',401614,'Corenda\'s Smooth Church Wardens','PHD'),(196,'Florist',145000,'Laural\'s Unruly Laundry Staffs','Trade'),(197,'Doctor',186157,'Beret\'s Uneven Metal Workers','MS'),(198,'Tiler',99459,'Rhea\'s Roasted Lavatory Attendants','MS'),(199,'Orthoptist',601365,'Dulsea\'s Mountainous Pasteurisers','JD'),(200,'Counsellor',394582,'Kaela\'s Satisfied Publishing Managers','MS'),(201,'Paramedic',252622,'Katie\'s Chilly Physiologists','Highschool'),(202,'Property dealer',657164,'Malissa\'s Distorted Textile Consultants','BS'),(203,'Bakery assistant',950802,'Rosamund\'s Merry Health Advisors','PHD'),(204,'Money broker',525082,'Kimbra\'s Heartfelt Ledger Clerks','Trade'),(205,'Economist',557061,'Gwenni\'s Dry Publicans','Trade'),(206,'Foundry worker',678730,'Amanda\'s Exhausted Technical Co-ordinators','JD'),(207,'Medical officer',261687,'Shantee\'s Wealthy Bus Conductors','PHD'),(208,'Transcriber',23039,'Shelby\'s Cute Sports Coachs','PHD'),(209,'Song writer',827032,'Martelle\'s Giant Planning Engineers','Trade'),(210,'Reprographic assistant',377059,'Dyana\'s Annual Cable Contractors','Trade'),(211,'Anthropologist',831907,'Marlo\'s Prudent Payroll Supervisors','BS'),(212,'Postwoman',966064,'Madelyn\'s Delayed Property Managers','Trade'),(213,'Caterer',109479,'Berenice\'s Magnificent Nursing Assistants','MS'),(214,'Clerk',913035,'Allegra\'s Adorable Town Clerks','MS'),(215,'Catering staff',318601,'Lexine\'s Frank Butlers','JD'),(216,'Product installer',444781,'Elinore\'s Green Marketing Directors','BS'),(217,'Tug skipper',92722,'Selina\'s Ragged Sales Supports','JD'),(218,'Tyre technician',745265,'Rodina\'s Agitated Procurator Fiscals','PHD'),(219,'Ice cream vendor',275219,'Niki\'s Pure Professional Racings','MS'),(220,'Ironmonger',247134,'Darby\'s Gloomy Ticket Agents','Trade'),(221,'Shoe maker',552840,'Melanie\'s Irresponsible Housewifes','MS'),(222,'Horse breeder',62121,'Ethelyn\'s Exalted Stud Hands','BS'),(223,'Chartered accountant',510542,'Cherin\'s Enlightened Photographers','BS'),(224,'Horse dealer',453466,'Barb\'s Poor Product Installers','PHD'),(225,'Investment advisor',595911,'Drucie\'s Critical Investment Advisors','JD'),(226,'Hearing therapist',852708,'Gwendolen\'s Filthy Tea Tasters','BS'),(227,'Bakery manager',331890,'Aurelia\'s Absolute Millers','Trade'),(228,'Technical liaison',120148,'Dara\'s Bold Farmers','MD'),(229,'Childminder',160875,'Kris\'s Bruised Business Consultants','BS'),(230,'Attendant',801030,'Gabrielle\'s Apprehensive Upholsterers','PHD'),(231,'Property developer',428843,'Clair\'s Cylindrical Careers Advisors','JD'),(232,'Gilder',92563,'Donia\'s Playful Safety Officers','Trade'),(233,'Precision engineer',769407,'Cecelia\'s Double Professional Racings','PHD'),(234,'Road worker',916903,'Dosi\'s Melodic Systems Analysts','PHD'),(235,'Medal dealer',664144,'Estelle\'s Far-flung Tanners','Highschool'),(236,'Packaging',704702,'Twila\'s Natural Property Valuers','Highschool'),(237,'Smallholder',863768,'Trix\'s Spiffy Trichologists','JD'),(238,'Travel clerk',590550,'Starlene\'s Irresponsible Sub-Postmasters','MD'),(239,'Labourer',447285,'Fredericka\'s Tender Sheet Metal Workers','Trade'),(240,'Barmaid',670015,'Melisse\'s Gummy Machine Tool Fitters','JD'),(241,'Nutritionist',926773,'Ashlan\'s Euphoric Telesales Persons','BS'),(242,'Historian',417463,'Paola\'s Remorseful Systems Engineers','Trade'),(243,'Shift controller',211073,'Adrianna\'s Idolized Gamekeepers','Trade'),(244,'Soldier',586752,'Hynda\'s Homely Horse Riding Instructors','BS'),(245,'Researcher',972419,'TEirtza\'s Harmful Vehicle Technicians','JD'),(246,'Optical assistant',922618,'Theresina\'s Humble Marine Brokers','MS'),(247,'Industrial chemist',303708,'Bess\'s Naughty Town Clerks','Trade'),(248,'Garage manager',407121,'Prudence\'s Courteous Bakery Assistants','MD'),(249,'Panel beater',818773,'Gisele\'s Glossy Textile Engineers','JD'),(250,'Mattress maker',701609,'Rosalinda\'s Torn Lithographers','BS'),(251,'Premises security',810435,'Othilia\'s Potable Tunnellers','PHD'),(252,'Administration manager',345013,'Rubia\'s Scornful Turkey Farmers','PHD'),(253,'Floor manager',922896,'Ethelyn\'s Ideal Plastics Consultants','BS'),(254,'Buyer',797337,'Meredith\'s Windy Sound Engineers','PHD'),(255,'Cab driver',712525,'Lydia\'s Unrealistic Ambulance Drivers','BS'),(256,'Plant fitter',758166,'Leyla\'s Dull Scaffolders','MD'),(257,'Nutritionist',115172,'Janenna\'s Parched Building Managers','PHD'),(258,'Revenue clerk',983082,'Cookie\'s Unfortunate Cartoonists','BS'),(259,'Horticulturalist',218699,'Saundra\'s General Stage Hands','BS'),(260,'Chemist',208201,'Cathrine\'s High-level Transport Engineers','Trade'),(261,'Roof tiler',576805,'Wilhelmine\'s Cold Chimney Sweeps','PHD'),(262,'Solicitor',909944,'Auria\'s Embarrassed Turners','BS'),(263,'Artist',459410,'Hildy\'s Feline Software Engineers','PHD'),(264,'Careers advisor',859387,'Kira\'s Miserly Prison Chaplains','BS'),(265,'Cartoonist',752935,'Jeanie\'s Hasty Employments','Highschool'),(266,'Careers officer',476219,'Martelle\'s Frosty Blinds Installers','MS'),(267,'Nursing manager',125593,'Carly\'s Fluid Motor Fitters','JD'),(268,'Nursing sister',159034,'Bernadette\'s Downright Care Managers','Trade'),(269,'Goods handler',47300,'Rodina\'s Noxious Payroll Managers','Trade'),(270,'Bakery assistant',731350,'Franny\'s Imaginative Landladys','Highschool'),(271,'Legal secretary',159017,'Ronni\'s Circular Merchants','JD'),(272,'Shooting instructor',735975,'Inna\'s Unfit Production Managers','MS'),(273,'Analyst',25295,'Suki\'s Which Service Managers','MS'),(274,'Fund raiser',465674,'Maitilde\'s Recent Transport Engineers','MS'),(275,'Underwriter',325289,'Issi\'s Wretched Shop Proprietors','MD'),(276,'Publican',54124,'Carly\'s Tame Theatre Technicians','JD'),(277,'Housekeeper',26645,'Ester\'s Ashamed Gardas','BS'),(278,'Massage therapist',556336,'Novelia\'s Shy Landowners','Trade'),(279,'Tour agent',848853,'Mahala\'s Delayed Ground Workers','BS'),(280,'Highway inspector',805360,'Anette\'s Different Make Up Artists','MD'),(281,'Shop manager',260615,'Allyson\'s Raw Teachers','BS'),(282,'Stud hand',464165,'Alleen\'s Clear-cut Sub-Postmasters','BS'),(283,'Security guard',653120,'Bertine\'s Impeccable Tennis Coachs','Highschool'),(284,'Induction moulder',63370,'Trixi\'s Automatic Blind Fitters','MD'),(285,'Patent agent',504420,'Alice\'s Capital China Restorers','BS'),(286,'Rug maker',662001,'Clari\'s Stimulating Art Critics','BS'),(287,'Interviewer',876999,'Zenia\'s Close Recorders','MD'),(288,'Beautician',365696,'Breanne\'s Scary Travel Agents','Trade'),(289,'Ticket agent',665797,'Thekla\'s Shiny Business Proprietors','PHD'),(290,'Picture editor',709658,'Shawn\'s Piercing Homeopaths','JD'),(291,'Orthoptist',342839,'Lucinda\'s Extraneous Training Advisors','Trade'),(292,'Parts manager',173236,'Caprice\'s Questionable Project Engineers','MS'),(293,'Airman',531956,'Adelaida\'s Productive Nursery Nurses','BS'),(294,'Osteopath',276764,'Kelsey\'s Numb Care Assistants','PHD'),(295,'Advertising agent',2889,'Kissiah\'s Giant General Practitioners','PHD'),(296,'Book binder',107483,'Odelinda\'s Loose Catering Managers','Trade'),(297,'Pawnbroker',989284,'Reeta\'s Sunny Astronomers','PHD'),(298,'Plater',401400,'Jeanne\'s Composed Payroll Clerks','PHD'),(299,'Tea taster',666889,'Julina\'s Scientific Rent Offcers','Trade'),(300,'Geologist',809416,'Junina\'s Direct Road Workers','Trade'),(301,'Prison chaplain',715423,'Almire\'s Ambitious Meteorologists','Highschool'),(302,'Delivery driver',868112,'Adella\'s Secondary Purchasing Managers','Highschool'),(303,'Textile technician',788431,'Jaime\'s Medical Blind Assemblers','MS'),(304,'Office worker',639880,'Cosette\'s Monstrous Sound Artists','JD'),(305,'Minibus driver',40302,'Miriam\'s Cheery School Crossings','JD'),(306,'Watchmaker',920336,'Kizzie\'s Playful Script Writers','MS'),(307,'Gaming club manager',251167,'Davita\'s Fantastic Relocation Agents','PHD'),(308,'Lumberjack',68051,'Rhianna\'s Confused Furniture Dealers','BS'),(309,'Ticket agent',992229,'Daphene\'s Present Shot Blasters','Trade'),(310,'Mineralologist',810112,'Casandra\'s Altruistic Administrators','BS'),(311,'Tool maker',443342,'Gloriana\'s Focused Project Workers','MS'),(312,'Partition erector',706759,'Riannon\'s Helpful Investment Bankers','JD'),(313,'Casual worker',288903,'Benetta\'s Jumbo Lighthouse Keepers','Highschool'),(314,'Barmaid',698075,'Judie\'s Bowed Waitresss','PHD'),(315,'Steel erector',479068,'Saree\'s Cute Pallet Makers','PHD'),(316,'Money broker',970903,'Peta\'s Some Sales Executives','JD'),(317,'Independent means',526840,'Millicent\'s Dimpled Graphologists','MD'),(318,'Mechanic',226821,'Rosa\'s Genuine Progress Clerks','MS'),(319,'Adjustor',469411,'Patricia\'s Ragged Priests','PHD'),(320,'Road worker',512464,'Marika\'s Ill-fated Midwifes','Highschool'),(321,'Hgv mechanic',351660,'Chryste\'s Hidden Metal Workers','Trade'),(322,'Special needs',907637,'Raquela\'s Idealistic Laboratory Analysts','Trade'),(323,'Nursery nurse',204163,'Shawnee\'s Grubby Technical Editors','MS'),(324,'Decorator',263395,'Austin\'s Neat Reporters','Trade'),(325,'Stage director',148303,'Filippa\'s Astonishing Tool Makers','JD'),(326,'Glazier',96183,'Reena\'s Watchful Operators','MD'),(327,'Lumberjack',129380,'Janka\'s Joint Pawnbrokers','MD'),(328,'Wheel clamper',48816,'Zorah\'s Careful Actresss','MS'),(329,'Stockman',808348,'Suellen\'s Buoyant Building Controls','Highschool'),(330,'Horticultural consultant',492813,'Glynis\'s Cheap Purchase Ledger Clerks','PHD'),(331,'Metal engineer',453740,'Delores\'s Another Building Inspectors','Trade'),(332,'Records supervisor',601319,'Aaren\'s Impolite Health Services','PHD'),(333,'Delivery driver',860575,'Kimberley\'s Safe Care Managers','Highschool'),(334,'Marine pilot',210432,'Kaylyn\'s Courteous Pasteurisers','PHD'),(335,'Blind assembler',5394,'Karlyn\'s Adorable Shift Controllers','Highschool'),(336,'Employee',299053,'Hildagard\'s Empty Production Managers','MD'),(337,'Breeder',301623,'Terrijo\'s Parallel Circus Workers','PHD'),(338,'Business proprietor',767754,'Alaine\'s Numb Ledger Clerks','BS'),(339,'Nursing assistant',202712,'Annetta\'s Outstanding Choreographers','BS'),(340,'Patrolman',757181,'Stephie\'s Traumatic Tree Fellers','MD'),(341,'Tyre inspector',729394,'Vanda\'s Monthly School Crossings','JD'),(342,'Funeral director',63331,'Connie\'s Perfumed Market Researchers','BS'),(343,'Technical liaison',456531,'Eula\'s Untimely Research Directors','Trade'),(344,'Building engineer',328952,'Nancee\'s Humiliating Licensings','MS'),(345,'Guest house owner',297271,'Aloise\'s Equal Physiotherapists','JD'),(346,'Pools collector',95741,'Arleyne\'s Bountiful Careers Advisors','MD'),(347,'Car delivery driver',181980,'Jess\'s Possible Shipping Clerks','Highschool'),(348,'Lighting technician',602812,'Yoshiko\'s Distinct Refrigeration Engineers','Trade'),(349,'Stationer',77856,'Mallorie\'s Homely Building Estimators','JD'),(350,'Health advisor',76456,'Guenevere\'s Impolite Lorry Drivers','JD'),(351,'Publicity manager',289121,'Fayette\'s Lean Instrument Supervisors','MD'),(352,'Pet minder',479407,'Delora\'s Hairy Textile Consultants','MS'),(353,'Veterinary surgeon',515582,'Fidelia\'s Precious Weighbridge Clerks','Trade'),(354,'Hardware dealer',928527,'Damara\'s Utilized Cellarmans','JD'),(355,'Chicken chaser',335043,'Pansie\'s Distinct Aerial Erectors','Trade'),(356,'Vehicle engineer',333403,'Ezmeralda\'s These Leather Workers','MS'),(357,'School crossing',985330,'Val\'s Likable Charity Workers','Highschool'),(358,'Picture editor',713526,'Linnell\'s Frivolous Riding Instructors','JD'),(359,'Sign maker',228270,'Sandye\'s Crisp Legal Secretarys','JD'),(360,'Shelf filler',389485,'Honor\'s Another Sales Administrators','Trade'),(361,'Bricklayer',342077,'Ronni\'s Pessimistic Aircraft Maintenance Engineers','MS'),(362,'Telex operator',659770,'Franni\'s Helpless Night Porters','PHD'),(363,'Slaughterman',593939,'Flossie\'s Punctual Stewards','MD'),(364,'Roofer',606663,'Sonia\'s Multicolored Plasterers','JD'),(365,'Slater',218826,'Rahel\'s Sophisticated Bodyguards','MD'),(366,'Writer',116103,'Rebeka\'s White Sports Administrators','Highschool'),(367,'Cartoonist',733182,'Gray\'s Notable Scientific Officers','JD'),(368,'Telesales person',326143,'Annelise\'s Original Welders','Highschool'),(369,'Park keeper',327374,'Sherri\'s Beloved Special Constables','BS'),(370,'Tiler',680615,'Stevena\'s Rewarding Reprographic Assistants','BS'),(371,'Chimney sweep',891044,'Coretta\'s Icky Thermal Engineers','Highschool'),(372,'Inventor',942071,'Deina\'s Unfinished Party Planners','PHD'),(373,'Research technician',146334,'Filia\'s Virtual Medical Researchers','MD'),(374,'Restaurant manager',946265,'Lea\'s Stimulating Servants','MS'),(375,'Premises security',385935,'Aubry\'s Attractive Lawn Mowers','MD'),(376,'Tyre inspector',912670,'Laverna\'s Expensive Training Instructors','MD'),(377,'Stage mover',916062,'Merridie\'s Crisp Assistant Caretakers','PHD'),(378,'Horse breeder',302227,'Alayne\'s Ornery Blinds Installers','MS'),(379,'Steel erector',509199,'Rene\'s Snoopy Revenue Officers','BS'),(380,'Miner',685304,'Olva\'s Tan Green Keepers','MD'),(381,'Property manager',984002,'Delila\'s Spotless Property Valuers','Highschool'),(382,'Supervisor',300153,'Margette\'s Sandy Judges','Highschool'),(383,'Training instructor',373069,'Nelle\'s Entire Bus Mechanics','MD'),(384,'Sales administrator',214298,'Liana\'s Excited Geophysicists','MS'),(385,'Zoo manager',917894,'Jackelyn\'s Obvious Advertising Clerks','Highschool'),(386,'Training co-ordinator',906325,'Euphemia\'s Black Pawnbrokers','Highschool'),(387,'Training consultant',667479,'Marj\'s Verifiable Watchmakers','PHD'),(388,'Prison chaplain',547459,'Estrella\'s Bubbly Casual Workers','Highschool'),(389,'Press setter',774868,'Samaria\'s Fantastic Legal Secretarys','JD'),(390,'Building manager',755642,'Leilah\'s Weekly Textile Engineers','PHD'),(391,'Toll collector',527619,'Lulita\'s Shrill Slaters','PHD'),(392,'Insurance assessor',159529,'Marquita\'s Bland Nursing Auxiliarys','PHD'),(393,'Radio director',564273,'Sacha\'s Terrible Park Keepers','BS'),(394,'Lime kiln attendant',296158,'Valli\'s General Parts Mans','BS'),(395,'Careers officer',617575,'Nollie\'s Male Tax Officers','JD'),(396,'Accounts staff',397295,'Camellia\'s Twin Journalists','MD'),(397,'Catering manager',202282,'Ayn\'s Polished Carphone Fitters','JD'),(398,'Technical author',417695,'Ruby\'s Determined Machine Tool Fitters','MS'),(399,'Actor',999446,'Mandi\'s Functional Health Planners','MD'),(400,'Log merchant',384860,'Maude\'s Vibrant Pipe Inspectors','JD'),(401,'Marine surveyor',488051,'Cristionna\'s Courteous Employees','MS'),(402,'Research consultant',781968,'Ali\'s Monumental Inspectors','Highschool'),(403,'Accounts assistant',266355,'Eloise\'s Powerful Tax Inspectors','MD'),(404,'Pig manager',101204,'Consolata\'s Faithful Applications Engineers','BS'),(405,'Radio producer',998280,'Berti\'s Majestic Administration Managers','Trade'),(406,'Video artist',593773,'Krysta\'s Old Librarians','MS'),(407,'Purchase clerk',829636,'Orelle\'s Knowledgeable Carpenters','Trade'),(408,'Ornithologist',16606,'Gayel\'s Irresponsible Booking Agents','PHD'),(409,'Plastics consultant',600189,'Murielle\'s Majestic Book-Keepers','MS'),(410,'Economist',503393,'Karisa\'s Kindhearted Writers','Trade'),(411,'Car valet',481626,'Charis\'s Common Business Proprietors','PHD'),(412,'Nursery worker',131326,'Leland\'s Sparkling Mineralologists','JD'),(413,'Telemarketeer',946462,'Danyette\'s Immediate Furriers','PHD'),(414,'Marketing agent',1230,'Ninnetta\'s Glittering Planning Engineers','MS'),(415,'Balloonist',179569,'Marcie\'s Limp Bank Messengers','Highschool'),(416,'Mechanic',156297,'Hedwiga\'s Which Tobacconists','PHD'),(417,'Breeder',208594,'Micaela\'s Cold Zoo Keepers','Highschool'),(418,'Trade mark agent',359499,'Cindra\'s Downright Picture Editors','JD'),(419,'Church officer',230409,'Melodee\'s Chilly Carpet Fitters','MD'),(420,'Building engineer',957939,'Martita\'s Well-lit Warehousewomans','Trade'),(421,'Builders labourer',130780,'Brynna\'s Firm Health Nurses','PHD'),(422,'Potter',812377,'Jewell\'s Busy Publicans','MS'),(423,'Sound engineer',507014,'Corella\'s Pushy Claims Assessors','PHD'),(424,'Shop keeper',260751,'Bathsheba\'s Shallow Plant Engineers','PHD'),(425,'Technical engineer',473547,'Joelie\'s Puny Clerks','JD'),(426,'Homecare manager',853070,'Kassi\'s Frigid Video Artists','Trade'),(427,'Horticulturalist',893784,'Malanie\'s Expert Planning Officers','JD'),(428,'Line manager',376341,'Laurene\'s Large Grooms','MD'),(429,'Landowner',806988,'Aggie\'s Better Floor Managers','PHD'),(430,'Caretaker',760567,'Antonella\'s Expensive Granite Technicians','MS'),(431,'Soldier',450651,'Florella\'s Humiliating Panel Beaters','Trade'),(432,'Litigation manager',585454,'Jenda\'s Darling Welfare Officers','MD'),(433,'Verger',358182,'Barrie\'s Masculine Windscreen Fitters','PHD'),(434,'Licensing',826321,'Georgetta\'s Likely Toy Makers','Highschool'),(435,'Payroll supervisor',167990,'Willamina\'s Trivial Shipyard Workers','JD'),(436,'Bus valeter',50800,'Laureen\'s Rubbery Telemarketeers','MS'),(437,'Production manager',275382,'Dinnie\'s Caring Funeral Directors','BS'),(438,'Trinity house pilot',209547,'Ivette\'s Unhappy Sheriffs','JD'),(439,'Technical illustrator',722348,'Vally\'s Unpleasant Heating Engineers','MS'),(440,'Booking clerk',30091,'Teresa\'s Scarce Boat Builders','BS'),(441,'Antique dealer',945825,'Kelley\'s Tangible Bank Messengers','Highschool'),(442,'Aircraft maintenance engineer',515883,'Cordey\'s Milky Homeopaths','Highschool'),(443,'Tree feller',877107,'Hilliary\'s Waterlogged Stock Controllers','PHD'),(444,'Preacher',687491,'Clarine\'s Lovable Cafe Owners','PHD'),(445,'Horticultural consultant',951545,'Averil\'s Joint Telecommunicationss','MS'),(446,'Rug maker',435410,'Toby\'s Elated Landowners','Trade'),(447,'Tour guide',415913,'Esmaria\'s Aged Jewellerys','BS'),(448,'Treasurer',152165,'Cindie\'s Cheap Statisticians','BS'),(449,'Plant driver',168562,'Anet\'s Ripe Pest Controllers','PHD'),(450,'Technical clerk',490941,'Cinderella\'s Impossible Trinity House Pilots','BS'),(451,'Tailor',844958,'Blondell\'s Sympathetic Production Planners','Highschool'),(452,'Training officer',534502,'Catharine\'s Smoggy Grocers','Trade'),(453,'Advertising staff',460967,'Birdie\'s Positive Law Clerks','Highschool'),(454,'Service engineer',697032,'Tootsie\'s Secret Barbers','JD'),(455,'Painter',488595,'Kellina\'s Ecstatic Shop Assistants','PHD'),(456,'Press officer',83487,'Ketty\'s Enchanted Broadcasters','PHD'),(457,'Building control',160248,'Daune\'s Oddball Warehousewomans','Trade'),(458,'Golfer',532554,'Stephi\'s Vacant Tractor Drivers','MD'),(459,'Cab driver',692275,'Viva\'s Burdensome Planning Technicians','Highschool'),(460,'Tea blender',351884,'Adrianne\'s Nifty Refuse Collectors','BS'),(461,'Optical advisor',648097,'Winonah\'s Sore Greengrocers','Trade'),(462,'Saleswoman',5994,'Bambie\'s Aggressive Garden Designers','PHD'),(463,'Cameraman',291057,'Nikaniki\'s Flaky Litigation Managers','PHD'),(464,'Private investigator',209033,'Kelsi\'s Tiny Parts Managers','MD'),(465,'Nuclear scientist',389140,'Cal\'s Indelible Nuns','Highschool'),(466,'Training manager',414752,'Tonya\'s Stimulating Shipyard Workers','MD'),(467,'Astrologer',618225,'Cherilyn\'s Courteous Relocation Agents','Highschool'),(468,'Station manager',494724,'Linda\'s Giddy Rally Drivers','BS'),(469,'Night porter',537836,'Jenine\'s Dramatic Commissioneds','Highschool'),(470,'Health advisor',471632,'Idalia\'s Kooky Medical Advisors','JD'),(471,'Tax inspector',658073,'Morena\'s Coordinated Rent Offcers','MD'),(472,'Bus valeter',34902,'Aubine\'s Beloved Grocers','PHD'),(473,'Oil broker',172257,'Lynnell\'s Everlasting Tree Surgeons','MS'),(474,'Tanner',94513,'Odille\'s Burly Furniture Removers','Highschool'),(475,'Hypnotherapist',115648,'Cassie\'s Next Storemans','MS'),(476,'Branch manager',553272,'Erinna\'s Hairy Produce Supervisors','MS'),(477,'Shelf filler',433580,'Cynthia\'s Active Blind Assemblers','MD'),(478,'Barman',812990,'Zonda\'s Compassionate Market Traders','PHD'),(479,'Master mariner',6071,'Delila\'s Kaleidoscopic Metal Engineers','BS'),(480,'Hgv mechanic',973643,'Josee\'s Awesome Planning Engineers','PHD'),(481,'Builders labourer',775319,'Diann\'s Yearly Acupuncturists','PHD'),(482,'Radiographer',292284,'Siouxie\'s Defiant Wheel Clampers','Highschool'),(483,'Project engineer',7435,'Erinn\'s Snoopy Insurance Staffs','Trade'),(484,'Landworker',323499,'Kira\'s Glass Surgeons','MS'),(485,'Advertising agent',589724,'Corabelle\'s Annual Postmans','MD'),(486,'Garden designer',866783,'Jonell\'s Vital Librarians','Highschool'),(487,'Charge hand',986986,'Philis\'s Sick Millwrights','Highschool'),(488,'Theatrical agent',7632,'Mala\'s Tense Medal Dealers','MD'),(489,'Travel representative',316396,'Jacquenette\'s Reckless Furniture Dealers','MD'),(490,'Public house manager',84080,'Marylynne\'s Well-documented Assistant Teachers','PHD'),(491,'Building inspector',466972,'Willette\'s Educated Laundry Workers','MD'),(492,'Philatelist',731923,'Gisele\'s Several Research Consultants','PHD'),(493,'Tv editor',178370,'Leonelle\'s Emotional Cable Contractors','Highschool'),(494,'Solicitor',834257,'Wilhelmina\'s Chubby Home Economists','BS'),(495,'Optical advisor',774552,'Kirstyn\'s Spry Ambulance Drivers','MD'),(496,'Tyre technician',397017,'Alexis\'s Windy Roof Tilers','PHD'),(497,'Ambulance controller',416861,'Binnie\'s Bountiful Podiatrists','JD'),(498,'Servant',878030,'Blancha\'s Ecstatic Radiologists','JD'),(499,'Law clerk',517589,'Elaina\'s Snarling Golf Club Professionals','JD'),(500,'Security controller',147507,'Dorolice\'s Woeful Nuclear Scientists','MS');
/*!40000 ALTER TABLE `job` ENABLE KEYS */;
UNLOCK TABLES;

--
-- Table structure for table `neighbor`
--

DROP TABLE IF EXISTS `neighbor`;
/*!40101 SET @saved_cs_client     = @@character_set_client */;
/*!40101 SET character_set_client = utf8 */;
CREATE TABLE `neighbor` (
  `pida` int(10) unsigned NOT NULL,
  `pidb` int(10) unsigned NOT NULL,
  PRIMARY KEY (`pida`,`pidb`),
  KEY `person_2_id_fk` (`pidb`),
  CONSTRAINT `person_1_id_fk` FOREIGN KEY (`pida`) REFERENCES `person` (`id`) ON DELETE CASCADE,
  CONSTRAINT `person_2_id_fk` FOREIGN KEY (`pidb`) REFERENCES `person` (`id`) ON DELETE CASCADE
) ENGINE=InnoDB DEFAULT CHARSET=utf8;
/*!40101 SET character_set_client = @saved_cs_client */;

--
-- Dumping data for table `neighbor`
--

LOCK TABLES `neighbor` WRITE;
/*!40000 ALTER TABLE `neighbor` DISABLE KEYS */;
INSERT INTO `neighbor` VALUES (1,183),(1,285),(2,92),(2,240),(2,285),(3,17),(4,13),(4,39),(4,129),(4,165),(4,173),(4,194),(4,208),(4,218),(4,251),(4,263),(4,284),(4,292),(5,240),(7,54),(7,229),(8,22),(9,131),(9,206),(9,294),(10,229),(10,255),(11,210),(12,17),(12,64),(12,130),(12,189),(13,4),(13,91),(13,108),(13,130),(13,132),(13,150),(13,169),(13,177),(13,198),(13,245),(13,286),(15,139),(15,164),(16,149),(16,274),(16,300),(17,3),(17,12),(17,19),(17,55),(17,66),(17,67),(17,81),(17,86),(17,130),(17,152),(17,165),(17,194),(17,213),(17,233),(17,255),(17,294),(18,111),(18,164),(18,245),(19,17),(19,225),(21,88),(21,109),(22,8),(22,33),(22,42),(22,102),(22,106),(22,122),(22,129),(22,206),(22,213),(22,262),(22,286),(22,291),(23,135),(24,196),(24,285),(25,64),(25,75),(25,185),(25,250),(25,259),(26,30),(27,109),(27,194),(27,250),(28,82),(28,135),(28,140),(29,63),(29,86),(29,129),(29,132),(29,149),(29,277),(29,294),(30,26),(30,54),(30,85),(30,98),(30,140),(30,150),(30,178),(30,189),(30,206),(30,208),(30,241),(30,258),(30,288),(30,298),(31,194),(32,238),(33,22),(33,41),(33,45),(33,101),(33,117),(33,194),(33,221),(33,237),(33,246),(33,250),(33,267),(33,278),(34,140),(35,148),(36,59),(36,82),(36,88),(36,139),(36,173),(36,182),(37,64),(38,92),(39,4),(39,164),(39,194),(41,33),(41,173),(41,285),(42,22),(42,148),(42,173),(42,217),(42,232),(42,240),(42,284),(42,300),(43,88),(43,274),(45,33),(45,122),(47,88),(47,206),(48,164),(49,54),(49,59),(49,148),(49,240),(50,140),(52,286),(53,134),(53,268),(54,7),(54,30),(54,49),(54,79),(54,93),(54,101),(54,125),(54,134),(55,17),(55,266),(56,238),(57,82),(57,109),(58,82),(58,115),(59,36),(59,49),(59,71),(59,82),(59,88),(59,96),(59,126),(59,136),(59,140),(59,233),(59,241),(59,245),(60,68),(60,99),(60,109),(60,124),(60,136),(60,223),(60,226),(60,256),(60,290),(61,98),(61,266),(62,149),(63,29),(64,12),(64,25),(64,37),(64,68),(64,137),(64,159),(64,213),(64,215),(64,217),(64,285),(65,218),(66,17),(66,162),(67,17),(67,194),(67,229),(67,245),(68,60),(68,64),(69,88),(69,139),(69,148),(70,108),(70,259),(71,59),(71,77),(71,131),(71,140),(71,189),(71,212),(71,229),(71,237),(71,240),(72,229),(72,286),(73,85),(73,128),(73,190),(73,194),(73,299),(75,25),(75,108),(75,109),(75,178),(75,197),(75,274),(76,125),(77,71),(77,79),(77,92),(77,176),(77,189),(78,259),(79,54),(79,77),(79,193),(79,273),(80,88),(81,17),(81,250),(82,28),(82,36),(82,57),(82,58),(82,59),(82,109),(82,125),(82,134),(82,153),(82,170),(82,239),(82,249),(82,253),(82,267),(82,268),(83,294),(84,136),(84,221),(85,30),(85,73),(85,102),(85,140),(85,149),(85,165),(85,299),(86,17),(86,29),(86,121),(86,183),(88,21),(88,36),(88,43),(88,47),(88,59),(88,69),(88,80),(88,97),(88,104),(88,107),(88,126),(88,148),(88,162),(88,189),(88,206),(88,219),(88,234),(88,235),(88,245),(89,116),(89,221),(89,245),(89,286),(90,285),(91,13),(91,240),(92,2),(92,38),(92,77),(92,113),(92,125),(92,164),(92,198),(92,202),(92,266),(92,291),(93,54),(93,131),(93,183),(93,189),(93,218),(95,294),(96,59),(96,134),(97,88),(97,131),(97,235),(97,240),(97,294),(98,30),(98,61),(98,164),(98,212),(98,225),(98,263),(99,60),(99,129),(99,245),(100,250),(101,33),(101,54),(101,286),(102,22),(102,85),(102,140),(102,183),(103,240),(103,294),(104,88),(105,181),(105,217),(105,235),(105,285),(106,22),(107,88),(108,13),(108,70),(108,75),(108,151),(108,193),(109,21),(109,27),(109,57),(109,60),(109,75),(109,82),(109,140),(109,172),(109,183),(111,18),(111,131),(111,151),(111,153),(111,192),(111,222),(111,234),(111,255),(112,250),(112,268),(113,92),(113,273),(114,217),(114,259),(115,58),(115,165),(115,183),(115,196),(115,275),(116,89),(116,285),(117,33),(118,183),(118,229),(119,250),(120,175),(121,86),(121,128),(121,129),(121,194),(121,255),(122,22),(122,45),(124,60),(125,54),(125,76),(125,82),(125,92),(125,131),(125,132),(125,162),(125,173),(125,213),(126,59),(126,88),(126,229),(126,240),(127,140),(127,183),(127,299),(128,73),(128,121),(128,131),(128,156),(128,227),(128,240),(128,294),(128,297),(129,4),(129,22),(129,29),(129,99),(129,121),(129,136),(129,158),(129,160),(129,170),(129,179),(129,201),(129,270),(129,277),(129,282),(129,295),(130,12),(130,13),(130,17),(131,9),(131,71),(131,93),(131,97),(131,111),(131,125),(131,128),(131,135),(131,170),(131,187),(131,248),(131,288),(132,13),(132,29),(132,125),(134,53),(134,54),(134,82),(134,96),(134,136),(134,197),(134,238),(134,250),(134,274),(135,23),(135,28),(135,131),(135,149),(135,151),(135,163),(135,165),(135,173),(135,242),(135,259),(136,59),(136,60),(136,84),(136,129),(136,134),(136,148),(136,200),(136,273),(137,64),(138,189),(139,15),(139,36),(139,69),(139,157),(139,209),(139,231),(139,240),(140,28),(140,30),(140,34),(140,50),(140,59),(140,71),(140,85),(140,102),(140,109),(140,127),(140,158),(140,184),(140,193),(140,231),(140,246),(140,277),(142,215),(143,162),(145,294),(146,250),(147,148),(148,35),(148,42),(148,49),(148,69),(148,88),(148,136),(148,147),(148,158),(148,285),(149,16),(149,29),(149,62),(149,85),(149,135),(149,237),(149,239),(149,248),(149,260),(150,13),(150,30),(151,108),(151,111),(151,135),(151,215),(151,259),(152,17),(152,229),(153,82),(153,111),(156,128),(157,139),(157,221),(158,129),(158,140),(158,148),(158,183),(159,64),(159,259),(160,129),(162,66),(162,88),(162,125),(162,143),(162,194),(162,250),(163,135),(164,15),(164,18),(164,39),(164,48),(164,92),(164,98),(164,221),(164,279),(165,4),(165,17),(165,85),(165,115),(165,135),(165,218),(165,225),(166,217),(166,255),(166,266),(166,268),(169,13),(169,206),(169,268),(170,82),(170,129),(170,131),(170,255),(171,268),(171,282),(172,109),(173,4),(173,36),(173,41),(173,42),(173,125),(173,135),(173,219),(173,241),(173,296),(174,282),(175,120),(176,77),(176,206),(177,13),(177,237),(178,30),(178,75),(178,215),(179,129),(181,105),(181,185),(182,36),(182,194),(182,204),(182,292),(182,299),(183,1),(183,86),(183,93),(183,102),(183,109),(183,115),(183,118),(183,127),(183,158),(183,268),(184,140),(184,194),(184,282),(185,25),(185,181),(185,195),(185,199),(185,207),(186,238),(186,286),(187,131),(187,250),(187,274),(189,12),(189,30),(189,71),(189,77),(189,88),(189,93),(189,138),(189,190),(189,211),(189,215),(189,240),(189,249),(189,289),(190,73),(190,189),(190,221),(191,221),(191,255),(192,111),(192,238),(193,79),(193,108),(193,140),(193,220),(193,294),(194,4),(194,17),(194,27),(194,31),(194,33),(194,39),(194,67),(194,73),(194,121),(194,162),(194,182),(194,184),(194,237),(194,265),(194,282),(194,285),(195,185),(196,24),(196,115),(196,218),(196,240),(196,271),(197,75),(197,134),(197,218),(197,240),(198,13),(198,92),(199,185),(200,136),(200,266),(200,285),(201,129),(201,221),(201,266),(201,294),(202,92),(204,182),(205,274),(206,9),(206,22),(206,30),(206,47),(206,88),(206,169),(206,176),(206,270),(207,185),(207,221),(207,250),(208,4),(208,30),(209,139),(210,11),(210,282),(211,189),(212,71),(212,98),(212,245),(213,17),(213,22),(213,64),(213,125),(214,285),(215,64),(215,142),(215,151),(215,178),(215,189),(215,216),(215,293),(216,215),(217,42),(217,64),(217,105),(217,114),(217,166),(217,235),(217,274),(217,280),(218,4),(218,65),(218,93),(218,165),(218,196),(218,197),(218,243),(218,255),(218,280),(219,88),(219,173),(220,193),(220,291),(221,33),(221,84),(221,89),(221,157),(221,164),(221,190),(221,191),(221,201),(221,207),(221,250),(221,271),(222,111),(223,60),(224,235),(225,19),(225,98),(225,165),(225,238),(226,60),(226,282),(227,128),(229,7),(229,10),(229,67),(229,71),(229,72),(229,118),(229,126),(229,152),(229,290),(231,139),(231,140),(232,42),(233,17),(233,59),(234,88),(234,111),(234,266),(235,88),(235,97),(235,105),(235,217),(235,224),(235,266),(237,33),(237,71),(237,149),(237,177),(237,194),(238,32),(238,56),(238,134),(238,186),(238,192),(238,225),(238,268),(238,293),(239,82),(239,149),(240,2),(240,5),(240,42),(240,49),(240,71),(240,91),(240,97),(240,103),(240,126),(240,128),(240,139),(240,189),(240,196),(240,197),(240,250),(240,262),(240,266),(241,30),(241,59),(241,173),(242,135),(243,218),(245,13),(245,18),(245,59),(245,67),(245,88),(245,89),(245,99),(245,212),(245,269),(246,33),(246,140),(246,250),(248,131),(248,149),(249,82),(249,189),(250,25),(250,27),(250,33),(250,81),(250,100),(250,112),(250,119),(250,134),(250,146),(250,162),(250,187),(250,207),(250,221),(250,240),(250,246),(251,4),(253,82),(254,261),(254,274),(255,10),(255,17),(255,111),(255,121),(255,166),(255,170),(255,191),(255,218),(256,60),(256,299),(258,30),(259,25),(259,70),(259,78),(259,114),(259,151),(259,159),(260,149),(261,254),(261,281),(262,22),(262,240),(262,285),(263,4),(263,98),(265,194),(266,55),(266,61),(266,92),(266,166),(266,200),(266,201),(266,234),(266,235),(266,240),(266,281),(267,33),(267,82),(268,53),(268,82),(268,112),(268,166),(268,169),(268,171),(268,183),(268,238),(269,245),(269,285),(270,129),(270,206),(271,196),(271,221),(273,79),(273,113),(273,136),(273,285),(274,16),(274,43),(274,75),(274,134),(274,187),(274,205),(274,217),(274,254),(275,115),(277,29),(277,129),(277,140),(278,33),(278,294),(279,164),(280,217),(280,218),(281,261),(281,266),(281,282),(282,129),(282,171),(282,174),(282,184),(282,194),(282,210),(282,226),(282,281),(282,290),(283,286),(284,4),(284,42),(285,1),(285,2),(285,24),(285,41),(285,64),(285,90),(285,105),(285,116),(285,148),(285,194),(285,200),(285,214),(285,262),(285,269),(285,273),(286,13),(286,22),(286,52),(286,72),(286,89),(286,101),(286,186),(286,283),(288,30),(288,131),(288,294),(289,189),(290,60),(290,229),(290,282),(291,22),(291,92),(291,220),(292,4),(292,182),(293,215),(293,238),(294,9),(294,17),(294,29),(294,83),(294,95),(294,97),(294,103),(294,128),(294,145),(294,193),(294,201),(294,278),(294,288),(295,129),(296,173),(297,128),(298,30),(299,73),(299,85),(299,127),(299,182),(299,256),(299,300),(300,16),(300,42),(300,299);
/*!40000 ALTER TABLE `neighbor` ENABLE KEYS */;
UNLOCK TABLES;

--
-- Table structure for table `owner`
--

DROP TABLE IF EXISTS `owner`;
/*!40101 SET @saved_cs_client     = @@character_set_client */;
/*!40101 SET character_set_client = utf8 */;
CREATE TABLE `owner` (
  `person_id` int(10) unsigned NOT NULL,
  `house_id` int(10) unsigned NOT NULL,
  PRIMARY KEY (`person_id`,`house_id`),
  KEY `house_id_fk` (`house_id`),
  CONSTRAINT `house_id_fk` FOREIGN KEY (`house_id`) REFERENCES `house` (`id`) ON DELETE CASCADE,
  CONSTRAINT `person_id_fk` FOREIGN KEY (`person_id`) REFERENCES `person` (`id`) ON DELETE CASCADE
) ENGINE=InnoDB DEFAULT CHARSET=utf8;
/*!40101 SET character_set_client = @saved_cs_client */;

--
-- Dumping data for table `owner`
--

LOCK TABLES `owner` WRITE;
/*!40000 ALTER TABLE `owner` DISABLE KEYS */;
INSERT INTO `owner` VALUES (1,10),(6,20),(6,24),(6,89),(8,8),(12,91),(17,83),(26,49),(27,16),(33,19),(45,30),(45,32),(46,41),(51,66),(54,85),(55,29),(55,61),(55,83),(62,5),(62,8),(64,18),(64,28),(75,79),(75,90),(81,96),(89,56),(100,9),(100,40),(100,86),(101,52),(101,87),(110,42),(110,66),(111,20),(111,28),(111,57),(114,80),(118,77),(122,22),(123,46),(132,42),(142,8),(149,55),(149,56),(154,32),(162,48),(164,49),(177,69),(179,16),(179,34),(188,10),(188,66),(191,70),(196,47),(196,53),(198,29),(198,61),(202,10),(202,18),(210,22),(210,56),(210,77),(210,99),(211,30),(211,31),(211,57),(214,18),(214,76),(216,9),(216,99),(218,63),(218,64),(218,69),(221,42),(221,68),(222,99),(229,48),(233,44),(235,2),(235,68),(238,37),(238,39),(238,66),(242,39),(242,47),(248,71),(248,77),(255,17),(255,62),(258,39),(259,67),(265,91),(269,16),(269,32),(270,49),(270,55),(270,65),(270,85),(274,52),(275,7),(280,70),(280,80),(282,6),(282,95),(287,23);
/*!40000 ALTER TABLE `owner` ENABLE KEYS */;
UNLOCK TABLES;

--
-- Table structure for table `person`
--

DROP TABLE IF EXISTS `person`;
/*!40101 SET @saved_cs_client     = @@character_set_client */;
/*!40101 SET character_set_client = utf8 */;
CREATE TABLE `person` (
  `id` int(10) unsigned NOT NULL AUTO_INCREMENT,
  `fname` varchar(255) NOT NULL,
  `lname` varchar(255) NOT NULL,
  `job` int(10) unsigned DEFAULT NULL,
  `home` int(10) unsigned DEFAULT NULL,
  PRIMARY KEY (`id`),
  KEY `job_fk` (`job`),
  KEY `home_fk` (`home`),
  CONSTRAINT `home_fk` FOREIGN KEY (`home`) REFERENCES `house` (`id`) ON DELETE SET NULL,
  CONSTRAINT `job_fk` FOREIGN KEY (`job`) REFERENCES `job` (`id`) ON DELETE SET NULL
) ENGINE=InnoDB AUTO_INCREMENT=303 DEFAULT CHARSET=utf8;
/*!40101 SET character_set_client = @saved_cs_client */;

--
-- Dumping data for table `person`
--

LOCK TABLES `person` WRITE;
/*!40000 ALTER TABLE `person` DISABLE KEYS */;
INSERT INTO `person` VALUES (1,'Aubrette','Kimberly',94,5),(2,'PUAL\'','Valoniah',387,96),(3,'Heida','Marl',46,67),(4,'Kellie','Alair',472,49),(5,'Alice','Grobe',478,88),(6,'Agathe','Aalst',316,47),(7,'Wendie','Bessie',440,13),(8,'Jess','Kenti',332,39),(9,'Raine','Salman',130,42),(10,'Tori','Ruggiero',262,86),(11,'Noelyn','Sofia',4,6),(12,'Cass','Ulah',225,6),(13,'Sena','Dorothi',61,52),(14,'Selle','Lauraine',43,36),(15,'Jenn','Pacorro',51,62),(16,'Gayel','Pier',219,40),(17,'Melonie','Burkitt',266,56),(18,'Ollie','Barnum',150,24),(19,'Evie','Emogene',74,3),(20,'Maribel','Market',156,39),(21,'Dena','Dom',141,9),(22,'Winni','Audres',77,81),(23,'Annemarie','Dicky',73,23),(24,'Dorise','Mike',465,23),(25,'Sharla','Biancha',33,82),(26,'Klarrisa','Hephzipah',483,45),(27,'Rachel','Jemina',260,70),(28,'Claudie','Ortensia',356,3),(29,'Florinda','Krissy',484,89),(30,'Rasia','Dorothee',11,65),(31,'Keeley','Lanette',3,26),(32,'Justina','Akili',473,98),(33,'Rebecca','Shaum',233,64),(34,'Eugenie','Eberto',190,95),(35,'Jerrilee','Bull',105,86),(36,'Deedee','Jacobba',43,67),(37,'Joellen','Hildick',321,17),(38,'Lenore','Kan',452,72),(39,'Jenna','Agata',248,29),(40,'Celeste','Goddart',122,24),(41,'Carolann','Dusa',341,5),(42,'Stephannie','Norry',262,4),(43,'Alane','Zipporah',172,11),(44,'Blondie','Ellswerth',272,54),(45,'Dona','Gilboa',296,55),(46,'Lexie','Joanna',234,16),(47,'Sibylle','Bender',50,53),(48,'Rois','Nickola',443,29),(49,'Cicily','Collen',320,98),(50,'Michal','Cyn',317,22),(51,'Selia','Elissa',138,73),(52,'Emelita','Lucien',6,62),(53,'Glennie','Wyn',13,42),(54,'Kylila','Cocks',NULL,87),(55,'Dre','Edeline',72,30),(56,'Lanie','Shore',294,12),(57,'Alaine','Telfer',121,67),(58,'Donnie','Ansela',121,52),(59,'Sibilla','Sherr',356,47),(60,'Marianna','Jerome',234,42),(61,'Sarette','Hertzog',188,70),(62,'Lynea','Easter',465,15),(63,'Vania','Zosi',144,79),(64,'Denna','Damalis',342,65),(65,'Corliss','Shela',427,13),(66,'Diahann','Pinto',270,87),(67,'Adriena','Tiphany',285,3),(68,'Kalindi','Neve',468,96),(69,'Latisha','Quintus',203,68),(70,'Allix','Phina',377,65),(71,'Enrica','Fe',413,49),(72,'Lorene','Rubina',318,26),(73,'Lyndell','Kincaid',5,87),(74,'Filippa','Moreland',240,67),(75,'Vallie','Amy',306,63),(76,'Jolyn','Deery',339,51),(77,'Averil','Osrick',270,24),(78,'Bobby','Wolfgram',106,68),(79,'Benedetta','Amiel',115,77),(80,'Celia','Della',353,33),(81,'Alexa','Fey',384,64),(82,'Atlante','Lam',393,55),(83,'Jacqui','Benilda',260,62),(84,'Seline','Tu',230,69),(85,'Kriste','Zingale',486,23),(86,'Phoebe','Hetti',178,24),(87,'Emeline','Brig',330,4),(88,'Amandy','Thomasine',397,44),(89,'Trudie','Evanthe',375,25),(90,'Lea','Gaye',284,30),(91,'Mozelle','Annice',369,7),(92,'Patience','Mcclelland',348,91),(93,'Joell','Etam',487,86),(94,'Britt','Chalmers',209,68),(95,'Cathyleen','Langer',299,46),(96,'Janetta','Witty',217,7),(97,'Tasia','Ellan',335,84),(98,'Siobhan','Ballard',65,79),(99,'Ailene','Marella',76,50),(100,'Dominica','Saffian',318,64),(101,'Sonia','Hertzog',409,35),(102,'Bamby','Bender',500,76),(103,'Blinny','Tiphany',499,31),(104,'Mehetabel','Biancha',472,52),(105,'Erica','Salman',251,83),(106,'Lee','Marella',481,7),(107,'Elianora','Hetti',156,78),(108,'Lilah','Etam',231,24),(109,'Minnie','Neve',178,66),(110,'Elysee','Langer',424,37),(111,'Tiena','Dusa',38,34),(112,'Carrissa','Zipporah',465,71),(113,'Valentina','Ortensia',255,71),(114,'Norma','Nickola',425,29),(115,'Verla','Easter',411,44),(116,'Lorita','Thomasine',142,44),(117,'Gena','Shela',377,56),(118,'Billi','Della',197,77),(119,'Lina','Grobe',469,97),(120,'Jobina','Sherr',442,78),(121,'Emmi','Ansela',303,68),(122,'Afton','Agata',415,75),(123,'Paolina','Akili',52,9),(124,'Rina','Ellan',369,39),(125,'Whitney','Fe',285,49),(126,'Kelcie','Emogene',95,30),(127,'Lotty','Valoniah',425,58),(128,'Elsa','Witty',307,46),(129,'Korella','Bender',262,48),(130,'Nonnah','Chalmers',178,17),(131,'Amalita','Saffian',466,6),(132,'Biddie','Kan',437,32),(133,'Dara','Nickola',283,96),(134,'Arlyn','Audres',NULL,58),(135,'Lianne','Mcclelland',119,25),(136,'Teddy','Zipporah',207,64),(137,'Liana','Sofia',193,34),(138,'Yasmeen','Ansela',266,57),(139,'Rose','Valoniah',266,46),(140,'Peggi','Shore',61,76),(141,'Raquela','Deery',1,81),(142,'Chere','Bull',48,44),(143,'Jolene','Dorothi',7,50),(144,'Maryanna','Biancha',353,14),(145,'Kissiah','Gaye',248,2),(146,'Pearl','Telfer',401,20),(147,'Morganne','Shaum',457,47),(148,'Zoe','Grobe',234,76),(149,'Chrissy','Sofia',427,69),(150,'Sandy','Amiel',274,11),(151,'Cosette','Eberto',209,52),(152,'Wandis','Joanna',358,50),(153,'Joane','Lucien',458,21),(154,'Jamie','Saffian',167,17),(155,'Carmelita','Emogene',430,69),(156,'Janel','Kan',137,NULL),(157,'Shela','Cyn',277,50),(158,'Gussy','Cocks',98,98),(159,'Betty','Agata',364,69),(160,'Estell','Langer',480,14),(161,'Annetta','Ballard',22,69),(162,'Gustie','Krissy',127,56),(163,'Cathyleen','Bender',194,68),(164,'Hedvige','Hephzipah',391,62),(165,'Hyacinthie','Annice',236,22),(166,'Shani','Barnum',372,14),(167,'Lorne','Phina',121,49),(168,'Paige','Langer',275,15),(169,'Anni','Lucien',271,33),(170,'Jeniffer','Shaum',235,43),(171,'Lavina','Phina',421,47),(172,'Lynelle','Pier',105,22),(173,'Coreen','Sofia',147,48),(174,'Deerdre','Osrick',264,47),(175,'Rickie','Kan',222,92),(176,'Gretel','Burkitt',350,46),(177,'Viviene','Amiel',199,55),(178,'Josephine','Tu',308,79),(179,'Del','Moreland',449,98),(180,'Joell','Della',44,75),(181,'Marybelle','Zosi',105,22),(182,'Karlotta','Etam',332,86),(183,'Ebony','Sofia',205,9),(184,'Dawna','Etam',281,22),(185,'Raquel','Elissa',179,89),(186,'Meade','Etam',82,4),(187,'Renae','Kimberly',166,47),(188,'Elsa','Bender',145,24),(189,'Freda','Pacorro',144,79),(190,'Cassandry','Edeline',469,37),(191,'Lilly','Audres',327,87),(192,'Patience','Fey',259,10),(193,'Dosi','Alair',8,71),(194,'Shayla','Sherr',362,65),(195,'Blondy','Lanette',80,49),(196,'Sibelle','Jemina',169,9),(197,'Allx','Ruggiero',380,29),(198,'Alleen','Ansela',NULL,51),(199,'Mari','Kimberly',268,24),(200,'Nerissa','Agata',311,2),(201,'Jenna','Bessie',275,46),(202,'Eddie','Deery',343,60),(203,'Josephina','Alair',230,83),(204,'Marabel','Nickola',59,10),(205,'Nanine','Jacobba',345,21),(206,'Stephannie','Lam',483,54),(207,'Merline','Chalmers',174,96),(208,'Susanne','Amy',405,38),(209,'Fredia','Alair',489,42),(210,'Sasha','Wolfgram',420,41),(211,'Myrlene','Mike',94,82),(212,'Cicely','Rubina',405,57),(213,'Lynna','Bender',261,40),(214,'Kailey','Elissa',230,74),(215,'Dalia','Chalmers',61,94),(216,'Inessa','Hildick',208,37),(217,'Meryl','Bull',451,66),(218,'Zelma','Quintus',21,90),(219,'Gabie','Deery',463,34),(220,'Bunni','Akili',25,80),(221,'Misty','Telfer',337,94),(222,'Theadora','Fey',110,98),(223,'Margret','Hildick',99,8),(224,'Charisse','Wolfgram',72,74),(225,'Shani','Fe',484,61),(226,'Meta','Neve',108,72),(227,'Gwendolen','Neve',428,68),(228,'Annamarie','Sofia',464,21),(229,'Pierette','Ansela',348,32),(230,'Ginnie','Langer',75,45),(231,'Tallia','Jemina',471,81),(232,'Lavinie','Shore',172,35),(233,'Isa','Emogene',347,89),(234,'Colline','Neve',58,28),(235,'Ellen','Nickola',242,57),(236,'Ailene','Ellan',5,44),(237,'Gilly','Bessie',81,68),(238,'Olympe','Zipporah',398,23),(239,'Nessi','Zipporah',352,60),(240,'Elfrieda','Cyn',370,52),(241,'Denice','Neve',279,63),(242,'Cinderella','Amiel',112,39),(243,'Becky','Pacorro',134,84),(244,'Julita','Elissa',32,47),(245,'Pierrette','Aalst',363,27),(246,'Nydia','Audres',389,83),(247,'Lauralee','Jemina',71,NULL),(248,'Christina','Dom',26,71),(249,'Bobbie','Jacobba',172,6),(250,'Noella','Marella',252,5),(251,'Ashlee','Lam',413,38),(252,'Ralina','Della',62,37),(253,'Jaclyn','Grobe',444,10),(254,'Karilynn','Mcclelland',454,11),(255,'Willyt','Joanna',496,21),(256,'Roberta','Burkitt',418,22),(257,'Chiquia','Ruggiero',238,26),(258,'Sibley','Annice',195,94),(259,'Jody','Ansela',446,84),(260,'Laurianne','Sofia',456,12),(261,'Meggie','Ruggiero',220,24),(262,'Ofella','Fe',193,13),(263,'Ysabel','Fey',431,34),(264,'Beverley','Nickola',397,56),(265,'Marleah','Salman',235,48),(266,'Darsey','Deery',41,81),(267,'Jess','Hildick',252,91),(268,'Joice','Kenti',68,3),(269,'Chantal','Emogene',100,69),(270,'Lizzie','Hephzipah',404,17),(271,'Darcie','Agata',426,4),(272,'Tamarah','Langer',314,22),(273,'Janith','Eberto',55,55),(274,'Manya','Shore',464,73),(275,'Sallie','Nickola',264,95),(276,'Melantha','Ortensia',209,65),(277,'Rosemarie','Shaum',474,83),(278,'Hedi','Ballard',256,19),(279,'Kathleen','Salman',452,100),(280,'Calypso','Jacobba',260,4),(281,'Patrica','Zingale',88,45),(282,'Rosie','Aalst',213,78),(283,'Leone','Ruggiero',317,40),(284,'Brita','Cyn',397,84),(285,'Benny','Tu',144,69),(286,'Angelica','Jacobba',282,19),(287,'Betsy','Gilboa',471,16),(288,'Celene','Amiel',237,8),(289,'Jacquenette','Pinto',497,19),(290,'Tommie','Edeline',221,21),(291,'Randie','Evanthe',95,97),(292,'Sidonnie','Tiphany',456,84),(293,'Biddie','Jemina',477,81),(294,'Antonietta','Grobe',126,94),(295,'Pippy','Bessie',389,33),(296,'Stace','Damalis',470,6),(297,'Stella','Ellan',36,77),(298,'Julina','Hephzipah',386,18),(299,'Alleen','Thomasine',134,85),(300,'Damaris','Benilda',475,26),(301,'Jeff','Nameis',8,8),(302,'Alice','Grobe',478,8);
/*!40000 ALTER TABLE `person` ENABLE KEYS */;
UNLOCK TABLES;
/*!40103 SET TIME_ZONE=@OLD_TIME_ZONE */;

/*!40101 SET SQL_MODE=@OLD_SQL_MODE */;
/*!40014 SET FOREIGN_KEY_CHECKS=@OLD_FOREIGN_KEY_CHECKS */;
/*!40014 SET UNIQUE_CHECKS=@OLD_UNIQUE_CHECKS */;
/*!40101 SET CHARACTER_SET_CLIENT=@OLD_CHARACTER_SET_CLIENT */;
/*!40101 SET CHARACTER_SET_RESULTS=@OLD_CHARACTER_SET_RESULTS */;
/*!40101 SET COLLATION_CONNECTION=@OLD_COLLATION_CONNECTION */;
/*!40111 SET SQL_NOTES=@OLD_SQL_NOTES */;

-- Dump completed on 2019-08-10 17:23:45
